budget_frac,inspections_per_year,errors_caught_per_year,errors_missed_per_year,capture_rate,inspection_cost,missed_error_cost,total_cost,strategy
0.01,100000.0,5000.0,370277.77777777775,0.013323464100666173,202500.0,15551666.666666666,15754166.666666666,Random sampling
0.02,200000.0,6944.444444444444,368333.3333333333,0.018504811250925242,405000.0,15470000.0,15875000.0,Random sampling
0.03,300000.0,9444.444444444443,365833.3333333333,0.025166543301258327,607500.0,15365000.0,15972500.0,Random sampling
0.05,500000.0,17777.777777777777,357500.0,0.047372316802368614,1012500.0,15015000.0,16027500.0,Random sampling
0.08,800000.0,27222.222222222223,348055.55555555556,0.07253886010362694,1620000.0,14618333.333333332,16238333.333333332,Random sampling
0.1,1000000.0,34444.444444444445,340833.3333333333,0.0917838638045892,2025000.0,14315000.0,16340000.0,Random sampling
0.15,1500000.0,49166.666666666664,326111.1111111111,0.13101406365655072,3037500.0,13696666.666666666,16734166.666666666,Random sampling
0.2,2000000.0,69444.44444444444,305833.3333333333,0.1850481125092524,4050000.0,12845000.0,16895000.0,Random sampling
0.3,3000000.0,107777.77777777778,267500.0,0.2871946706143597,6075000.0,11235000.0,17310000.0,Random sampling
0.4,4000000.0,146666.66666666666,228611.1111111111,0.3908216136195411,8100000.0,9601666.666666666,17701666.666666664,Random sampling
0.5,5000000.0,184166.66666666666,191111.1111111111,0.49074759437453735,10125000.0,8026666.666666666,18151666.666666664,Random sampling
0.7,7000000.0,260277.77777777778,115000.0,0.6935603256846781,14175000.0,4830000.0,19005000.0,Random sampling
0.01,100000.0,4444.444444444444,370833.3333333333,0.011843079200592153,202500.0,15575000.0,15777500.0,Incumbent rule (value x qty)
0.02,200000.0,9444.444444444443,365833.3333333333,0.025166543301258327,405000.0,15365000.0,15770000.0,Incumbent rule (value x qty)
0.03,300000.0,15000.0,360277.77777777775,0.03997039230199852,607500.0,15131666.666666666,15739166.666666666,Incumbent rule (value x qty)
0.05,500000.0,24722.222222222223,350555.55555555556,0.06587712805329386,1012500.0,14723333.333333332,15735833.333333332,Incumbent rule (value x qty)
0.08,800000.0,41666.666666666664,333611.1111111111,0.11102886750555144,1620000.0,14011666.666666666,15631666.666666666,Incumbent rule (value x qty)
0.1,1000000.0,50833.333333333336,324444.44444444444,0.13545521835677277,2025000.0,13626666.666666666,15651666.666666666,Incumbent rule (value x qty)
0.15,1500000.0,73333.33333333333,301944.44444444444,0.19541080680977055,3037500.0,12681666.666666666,15719166.666666666,Incumbent rule (value x qty)
0.2,2000000.0,94722.22222222222,280555.55555555556,0.2524056254626203,4050000.0,11783333.333333334,15833333.333333334,Incumbent rule (value x qty)
0.3,3000000.0,132500.0,242777.77777777778,0.3530717986676536,6075000.0,10196666.666666666,16271666.666666666,Incumbent rule (value x qty)
0.4,4000000.0,165555.55555555556,209722.22222222222,0.4411547002220577,8100000.0,8808333.333333334,16908333.333333336,Incumbent rule (value x qty)
0.5,5000000.0,207500.0,167777.77777777778,0.5529237601776462,10125000.0,7046666.666666666,17171666.666666664,Incumbent rule (value x qty)
0.7,7000000.0,277222.2222222222,98055.55555555555,0.7387120651369357,14175000.0,4118333.333333333,18293333.333333332,Incumbent rule (value x qty)
0.01,100000.0,32777.777777777774,342500.0,0.08734270910436713,202500.0,14385000.0,14587500.0,"Boosted, raw features only"
0.02,200000.0,51944.444444444445,323333.3333333333,0.1384159881569208,405000.0,13580000.0,13985000.0,"Boosted, raw features only"
0.03,300000.0,68611.11111111111,306666.6666666667,0.18282753515914138,607500.0,12880000.0,13487500.0,"Boosted, raw features only"
0.05,500000.0,97777.77777777778,277500.0,0.26054774241302736,1012500.0,11655000.0,12667500.0,"Boosted, raw features only"
0.08,800000.0,132500.0,242777.77777777778,0.3530717986676536,1620000.0,10196666.666666666,11816666.666666666,"Boosted, raw features only"
0.1,1000000.0,147222.22222222222,228055.55555555556,0.3923019985196151,2025000.0,9578333.333333334,11603333.333333334,"Boosted, raw features only"
0.15,1500000.0,181666.66666666666,193611.1111111111,0.4840858623242043,3037500.0,8131666.666666666,11169166.666666666,"Boosted, raw features only"
0.2,2000000.0,211666.66666666666,163611.1111111111,0.5640266469282014,4050000.0,6871666.666666666,10921666.666666666,"Boosted, raw features only"
0.3,3000000.0,259444.44444444444,115833.33333333333,0.691339748334567,6075000.0,4865000.0,10940000.0,"Boosted, raw features only"
0.4,4000000.0,289722.2222222222,85555.55555555555,0.772020725388601,8100000.0,3593333.333333333,11693333.333333332,"Boosted, raw features only"
0.5,5000000.0,314166.6666666667,61111.11111111111,0.8371576609918578,10125000.0,2566666.6666666665,12691666.666666666,"Boosted, raw features only"
0.7,7000000.0,347500.0,27777.777777777777,0.9259807549962991,14175000.0,1166666.6666666667,15341666.666666666,"Boosted, raw features only"
0.01,100000.0,36111.11111111111,339166.6666666667,0.09622501850481126,202500.0,14245000.0,14447500.0,Logistic regression
0.02,200000.0,60833.33333333333,314444.44444444444,0.16210214655810512,405000.0,13206666.666666666,13611666.666666666,Logistic regression
0.03,300000.0,81111.11111111111,294166.6666666667,0.2161361954108068,607500.0,12355000.0,12962500.0,Logistic regression
0.05,500000.0,111388.88888888889,263888.8888888889,0.29681717246484085,1012500.0,11083333.333333334,12095833.333333334,Logistic regression
0.08,800000.0,141944.44444444444,233333.3333333333,0.37823834196891193,1620000.0,9800000.0,11420000.0,Logistic regression
0.1,1000000.0,163888.88888888888,211388.88888888888,0.43671354552183567,2025000.0,8878333.333333334,10903333.333333334,Logistic regression
0.15,1500000.0,203055.55555555556,172222.22222222222,0.5410806809770541,3037500.0,7233333.333333333,10270833.333333332,Logistic regression
0.2,2000000.0,234166.66666666666,141111.1111111111,0.6239822353811991,4050000.0,5926666.666666667,9976666.666666668,Logistic regression
0.3,3000000.0,274722.2222222222,100555.55555555555,0.7320503330866025,6075000.0,4223333.333333333,10298333.333333332,Logistic regression
0.4,4000000.0,299722.2222222222,75555.55555555555,0.7986676535899334,8100000.0,3173333.3333333335,11273333.333333334,Logistic regression
0.5,5000000.0,322777.77777777775,52500.0,0.8601036269430051,10125000.0,2205000.0,12330000.0,Logistic regression
0.7,7000000.0,350833.3333333333,24444.444444444445,0.9348630643967432,14175000.0,1026666.6666666666,15201666.666666666,Logistic regression
0.01,100000.0,41666.666666666664,333611.1111111111,0.11102886750555144,202500.0,14011666.666666666,14214166.666666666,Gradient boosted model
0.02,200000.0,62777.777777777774,312500.0,0.16728349370836418,405000.0,13125000.0,13530000.0,Gradient boosted model
0.03,300000.0,80277.77777777778,295000.0,0.21391561806069578,607500.0,12390000.0,12997500.0,Gradient boosted model
0.05,500000.0,110555.55555555555,264722.2222222222,0.29459659511472985,1012500.0,11118333.333333334,12130833.333333334,Gradient boosted model
0.08,800000.0,146388.88888888888,228888.88888888888,0.39008142116950406,1620000.0,9613333.333333334,11233333.333333334,Gradient boosted model
0.1,1000000.0,165000.0,210277.77777777778,0.4396743153219837,2025000.0,8831666.666666666,10856666.666666666,Gradient boosted model
0.15,1500000.0,201111.1111111111,174166.66666666666,0.535899333826795,3037500.0,7315000.0,10352500.0,Gradient boosted model
0.2,2000000.0,233611.1111111111,141666.66666666666,0.622501850481125,4050000.0,5950000.0,10000000.0,Gradient boosted model
0.3,3000000.0,277500.0,97777.77777777778,0.7394522575869726,6075000.0,4106666.6666666665,10181666.666666666,Gradient boosted model
0.4,4000000.0,303055.55555555556,72222.22222222222,0.8075499629903775,8100000.0,3033333.3333333335,11133333.333333334,Gradient boosted model
0.5,5000000.0,321666.6666666667,53611.11111111111,0.8571428571428571,10125000.0,2251666.6666666665,12376666.666666666,Gradient boosted model
0.7,7000000.0,351111.1111111111,24166.666666666668,0.9356032568467801,14175000.0,1015000.0,15190000.0,Gradient boosted model
