feature,importance
picker_risk_shrunk,0.040164299203538395
sku_lookalike_neighbors,0.036836059378262
multi_sku_order,0.03292171218143434
hours_into_shift,0.029095280648402694
hygiene_gap,0.027909733512922683
location_type_each,0.024682054836514353
picker_prior_error_rate,0.01754275839877697
days_since_cycle_count,0.015748741743345084
sku_velocity,0.015651123868842945
confusion_pressure,0.011909034354562129
peak_season,0.006355424248173307
picker_tenure_days,0.004120716441766606
sku_unfamiliarity,0.0035686121167476173
slot_congestion,0.0021979027486696487
exposure_value,0.0014117513215910274
prior_accuracy_score,0.0008982000442971996
location_type_case,0.0005197325662383914
sku_unit_cost,0.0005076029052786743
label_printer_id,0.000483910101147976
shift_night,0.0003656269008716906
pick_qty,0.0003298536972379251
overtime_flag,0.00016854314270862286
shift_swing,2.8823199281421963e-05
log_tenure,0.0
dc_zone_B,0.0
tote_color_green,0.0
fatigue_index,0.0
units_handled,0.0
late_shift_hours,0.0
light_item_flag,0.0
is_new_picker,0.0
dc_zone_C,-3.647784477944088e-05
dc_zone_D,-6.041388094129435e-05
picker_prior_picks,-0.00017070152135427452
stale_count_flag,-0.00026563281283469714
tote_color_red,-0.000317859733724786
sku_unit_weight_lb,-0.0011684545274614835
tote_color_gray,-0.001959032022099169
day_of_month,-0.0028786479247452992
